studId, crsCode, semester, grade
585781,crsCode110918,semester227359,grade301416
575496,crsCode322020,semester980653,grade249387
216056,crsCode671279,semester470613,grade418180
688958,crsCode563069,semester781950,grade761060
16439,crsCode919779,semester446804,grade489005
88837,crsCode559227,semester766591,grade919077
562794,crsCode27521,semester301296,grade96726
90984,crsCode9518,semester484454,grade243526
265402,crsCode914587,semester828634,grade485967
311033,crsCode902290,semester945656,grade849562
474886,crsCode637288,semester944917,grade508092
781532,crsCode300715,semester430400,grade602797
201200,crsCode778854,semester707992,grade440928
402516,crsCode57679,semester266500,grade479684
236893,crsCode553383,semester243199,grade458775
424261,crsCode800172,semester663853,grade383266
424119,crsCode744971,semester571838,grade575701
133509,crsCode865592,semester142553,grade921407
109591,crsCode257065,semester827702,grade757353
529379,crsCode263146,semester20395,grade111440
972972,crsCode826298,semester879202,grade705534
811728,crsCode658313,semester952716,grade196612
577494,crsCode657759,semester572985,grade107734
878356,crsCode175116,semester162579,grade926531
526016,crsCode477978,semester545615,grade714447
529361,crsCode883404,semester37468,grade884719
996307,crsCode341772,semester895011,grade598112
78892,crsCode976067,semester167289,grade290468
32592,crsCode260124,semester757349,grade352090
516941,crsCode854068,semester605493,grade832441
61149,crsCode621543,semester172142,grade740712
858114,crsCode139981,semester490555,grade370109
511798,crsCode529944,semester675782,grade968145
744381,crsCode902429,semester388527,grade885053
358876,crsCode454828,semester491154,grade993331
971780,crsCode884543,semester310253,grade594938
355787,crsCode787363,semester790084,grade259847
671529,crsCode969614,semester968066,grade966901
856207,crsCode302322,semester125900,grade943202
421343,crsCode885359,semester676575,grade19173
429668,crsCode866813,semester339295,grade103023
496306,crsCode693872,semester549459,grade670205
4365,crsCode166907,semester569181,grade956855
251381,crsCode313975,semester378800,grade46633
561258,crsCode648277,semester89835,grade538779
183637,crsCode78928,semester740449,grade382094
204632,crsCode448994,semester918708,grade22102
759465,crsCode559904,semester142758,grade477775
40199,crsCode709882,semester528721,grade924285
265463,crsCode533363,semester523153,grade792260
969617,crsCode844461,semester865668,grade425728
336047,crsCode683992,semester209581,grade48258
868383,crsCode355521,semester419101,grade414440
242348,crsCode936157,semester758600,grade807704
330169,crsCode896035,semester475589,grade447449
845657,crsCode461593,semester468766,grade931341
40199,crsCode525162,semester41930,grade753615
506355,crsCode108946,semester500082,grade458789
72777,crsCode319226,semester188211,grade997666
896923,crsCode145431,semester458848,grade991387
769183,crsCode207466,semester859081,grade638915
873968,crsCode94110,semester919461,grade957350
674185,crsCode358967,semester423423,grade128318
240173,crsCode762221,semester280283,grade675573
501717,crsCode853676,semester735946,grade179768
237409,crsCode496187,semester234385,grade127861
755149,crsCode375594,semester944311,grade857265
817275,crsCode395726,semester892863,grade367239
717812,crsCode31570,semester836168,grade496704
490018,crsCode427311,semester140970,grade55756
187736,crsCode402877,semester191835,grade297435
112395,crsCode84101,semester900668,grade84507
787463,crsCode827383,semester74768,grade784462
926943,crsCode46825,semester717233,grade883015
958105,crsCode801069,semester858636,grade763584
550577,crsCode795323,semester284935,grade252955
54525,crsCode149013,semester416509,grade238580
766234,crsCode59468,semester485623,grade140703
873174,crsCode735319,semester102815,grade648195
476453,crsCode519897,semester857937,grade210514
908502,crsCode237757,semester399415,grade592292
830802,crsCode540304,semester17706,grade552047
818089,crsCode946856,semester111015,grade677413
857158,crsCode548842,semester211961,grade751658
225042,crsCode984667,semester895969,grade77681
145205,crsCode748037,semester40743,grade724978
403147,crsCode988248,semester559358,grade629449
454147,crsCode107099,semester507272,grade856174
116876,crsCode620310,semester65225,grade208525
431567,crsCode548645,semester941105,grade540354
999657,crsCode136344,semester678102,grade802739
457557,crsCode422203,semester859256,grade873417
909323,crsCode644461,semester544952,grade195339
36672,crsCode757386,semester910059,grade912985
583950,crsCode74210,semester765010,grade58115
40431,crsCode692827,semester280268,grade827140
487507,crsCode602768,semester644653,grade66462
712502,crsCode853676,semester555957,grade891731
691414,crsCode874517,semester227351,grade464125
907114,crsCode394193,semester240946,grade788235
956379,crsCode896109,semester605284,grade309144
277838,crsCode192259,semester809053,grade197481
373845,crsCode380708,semester992312,grade791427
548825,crsCode367680,semester820122,grade558759
424589,crsCode725194,semester253404,grade780908
802572,crsCode825617,semester355586,grade645495
376125,crsCode414224,semester190694,grade332888
294288,crsCode807704,semester921602,grade552644
283555,crsCode137333,semester105731,grade218027
839790,crsCode583656,semester808667,grade939894
475633,crsCode254330,semester783934,grade782431
939622,crsCode782469,semester312923,grade923692
422888,crsCode855318,semester328061,grade192969
511127,crsCode145431,semester137236,grade839297
243394,crsCode374576,semester442423,grade874713
692473,crsCode540427,semester432541,grade790089
43129,crsCode314800,semester359648,grade360535
806835,crsCode5971,semester613126,grade818194
584391,crsCode290131,semester569290,grade646057
295770,crsCode573570,semester622727,grade93158
986766,crsCode693914,semester613178,grade102730
818859,crsCode708088,semester354015,grade873669
482172,crsCode822009,semester500462,grade342290
107207,crsCode884543,semester355040,grade197741
955825,crsCode477465,semester601198,grade415538
285308,crsCode28969,semester791862,grade474707
902878,crsCode607838,semester275874,grade641142
172969,crsCode84268,semester147202,grade382953
249813,crsCode300416,semester543510,grade13379
408288,crsCode526331,semester11822,grade554968
87586,crsCode474675,semester822259,grade858584
139937,crsCode948041,semester609044,grade137924
372867,crsCode290,semester133495,grade981518
897887,crsCode725194,semester253404,grade844045
713321,crsCode349334,semester94500,grade163034
19251,crsCode16989,semester449673,grade185802
861201,crsCode7859,semester218181,grade726728
379789,crsCode656258,semester905246,grade303821
634861,crsCode583656,semester25678,grade77823
495862,crsCode908074,semester588381,grade474211
121990,crsCode485036,semester565166,grade167489
901628,crsCode676428,semester860912,grade419347
964051,crsCode203842,semester453212,grade652137
336077,crsCode622229,semester620677,grade502940
63693,crsCode379812,semester879681,grade303020
36035,crsCode400298,semester153525,grade754553
258916,crsCode990815,semester643596,grade904411
880468,crsCode363072,semester311689,grade975774
52128,crsCode553383,semester156125,grade229789
67430,crsCode737419,semester702306,grade329465
768441,crsCode438310,semester170867,grade463991
718037,crsCode96234,semester853491,grade398516
805924,crsCode798802,semester416857,grade519301
929163,crsCode765172,semester873162,grade971055
295381,crsCode718759,semester845112,grade338623
38053,crsCode82253,semester673882,grade613576
494003,crsCode528428,semester629488,grade865783
66000,crsCode72294,semester782040,grade387156
639377,crsCode604765,semester964999,grade704343
340257,crsCode76865,semester589527,grade184037
363735,crsCode9486,semester887003,grade110310
907703,crsCode522763,semester447574,grade504579
85857,crsCode122011,semester819344,grade445633
888498,crsCode80117,semester812089,grade228597
315312,crsCode421421,semester920245,grade775459
316377,crsCode526331,semester183282,grade333751
391866,crsCode614088,semester683712,grade574815
923313,crsCode706045,semester347452,grade460227
497501,crsCode797261,semester38278,grade475234
220239,crsCode248535,semester965867,grade35274
922771,crsCode885359,semester676575,grade255092
818379,crsCode352833,semester167741,grade190009
630217,crsCode2210,semester77729,grade559797
527625,crsCode105276,semester387091,grade152951
334271,crsCode465832,semester95568,grade101793
890063,crsCode184689,semester926857,grade437987
788033,crsCode443766,semester895065,grade265102
467622,crsCode233414,semester872632,grade470104
727291,crsCode802341,semester473087,grade882155
671406,crsCode725194,semester803907,grade7145
299271,crsCode283076,semester350014,grade305281
671030,crsCode126378,semester901866,grade515687
108514,crsCode416359,semester671710,grade343219
611426,crsCode491864,semester265057,grade567704
4365,crsCode866914,semester385979,grade370623
124164,crsCode226968,semester233664,grade624511
567949,crsCode981559,semester988484,grade258939
251381,crsCode581655,semester420384,grade735193
357135,crsCode598120,semester448267,grade988827
846366,crsCode293968,semester864892,grade359515
969602,crsCode59468,semester101128,grade44007
654763,crsCode999123,semester505005,grade447671
510462,crsCode716203,semester512025,grade274311
712818,crsCode167951,semester235646,grade647893
494988,crsCode883404,semester217890,grade276729
867481,crsCode814989,semester886571,grade981852
448965,crsCode582455,semester635838,grade699670
318475,crsCode421421,semester518864,grade82728
322124,crsCode373106,semester44802,grade383826
834477,crsCode166316,semester370891,grade557203
777696,crsCode504253,semester156378,grade835771
216637,crsCode990006,semester95021,grade261742
5453,crsCode363072,semester395244,grade702135
88721,crsCode483551,semester872797,grade675014
422338,crsCode194873,semester606337,grade452744
171659,crsCode955010,semester259650,grade258529
773870,crsCode555611,semester203771,grade395529
290073,crsCode400298,semester76888,grade301568
275872,crsCode28969,semester190719,grade473967
774627,crsCode366660,semester624259,grade225245
879950,crsCode220859,semester187491,grade536714
45657,crsCode893027,semester972811,grade947756
13397,crsCode785171,semester487037,grade80643
108469,crsCode4177,semester209082,grade160155
290384,crsCode918302,semester566312,grade672158
452182,crsCode383213,semester744617,grade365267
826283,crsCode166316,semester256197,grade717239
571672,crsCode674172,semester474502,grade966390
469130,crsCode942504,semester820575,grade52422
47663,crsCode68841,semester793445,grade235297
756851,crsCode333440,semester345230,grade37213
157921,crsCode666387,semester734556,grade158889
627865,crsCode576179,semester661086,grade326374
941111,crsCode76865,semester560237,grade795359
799171,crsCode821751,semester125722,grade183015
421333,crsCode157167,semester618285,grade54990
975077,crsCode937196,semester269738,grade401343
304082,crsCode345141,semester511058,grade972921
414646,crsCode313444,semester601557,grade312424
964796,crsCode461341,semester187968,grade998431
876623,crsCode919779,semester307023,grade911413
52307,crsCode123780,semester855815,grade974905
107593,crsCode548598,semester154075,grade925266
300713,crsCode299537,semester762717,grade841208
628928,crsCode356250,semester587997,grade188681
587564,crsCode398675,semester552156,grade153033
72437,crsCode554860,semester418922,grade807929
290384,crsCode493644,semester713000,grade909458
88156,crsCode673145,semester300904,grade954206
757593,crsCode755070,semester883077,grade875508
648611,crsCode789302,semester213096,grade178958
952530,crsCode169113,semester486410,grade870600
173299,crsCode642557,semester951739,grade881656
677270,crsCode448932,semester807835,grade286948
809191,crsCode774917,semester290317,grade758500
367745,crsCode150123,semester531877,grade84181
628193,crsCode938302,semester895707,grade737463
377020,crsCode672576,semester180770,grade618212
920854,crsCode832264,semester377948,grade53998
410551,crsCode736526,semester383181,grade530067
992242,crsCode347292,semester393187,grade985439
829894,crsCode998687,semester156800,grade807583
278866,crsCode601737,semester893574,grade744957
157009,crsCode333440,semester725324,grade121917
446810,crsCode886343,semester212255,grade726611
16152,crsCode16422,semester872150,grade764446
673084,crsCode966330,semester341853,grade528069
285796,crsCode924630,semester842853,grade921261
940339,crsCode149721,semester476669,grade571348
655031,crsCode107913,semester144264,grade7693
238470,crsCode781759,semester880986,grade556760
371624,crsCode166316,semester643938,grade122077
537633,crsCode584914,semester410637,grade343813
742900,crsCode69840,semester538047,grade13429
540124,crsCode876505,semester236760,grade938024
985378,crsCode53301,semester984626,grade513960
962453,crsCode38442,semester351993,grade219241
992118,crsCode793832,semester674218,grade706434
564288,crsCode267933,semester45519,grade227849
504961,crsCode42963,semester762553,grade878985
384344,crsCode656140,semester336897,grade223331
947711,crsCode884478,semester522486,grade145982
251614,crsCode27194,semester117808,grade319212
630217,crsCode135371,semester997756,grade477851
893306,crsCode431999,semester899032,grade181364
537925,crsCode537499,semester576816,grade967827
883862,crsCode138307,semester431999,grade85668
169869,crsCode224255,semester222677,grade789526
994400,crsCode428899,semester810834,grade493823
729720,crsCode598120,semester502221,grade276684
118930,crsCode911642,semester723922,grade79843
407304,crsCode392640,semester950219,grade794263
506271,crsCode417321,semester705488,grade960391
183367,crsCode658827,semester41589,grade292820
578350,crsCode826562,semester924699,grade195452
568384,crsCode953082,semester614755,grade215448
943285,crsCode931353,semester353494,grade378478
741465,crsCode375594,semester245051,grade934196
594746,crsCode74210,semester952325,grade268578
692846,crsCode107913,semester17914,grade660786
265123,crsCode757337,semester154489,grade657975
419748,crsCode761849,semester145163,grade117975
779496,crsCode665911,semester417484,grade497575
727806,crsCode409955,semester58664,grade107553
554865,crsCode806688,semester861882,grade403844
595854,crsCode226968,semester805313,grade384521
356021,crsCode412179,semester146787,grade431869
256706,crsCode855617,semester215257,grade479616
332404,crsCode941378,semester682757,grade253848
611381,crsCode819062,semester308448,grade787762
456853,crsCode549421,semester262728,grade340151
51364,crsCode478684,semester874757,grade600903
858776,crsCode483219,semester62129,grade959189
695348,crsCode929341,semester324145,grade847839
940339,crsCode410505,semester139878,grade711688
210513,crsCode886311,semester588077,grade269587
151794,crsCode429290,semester105483,grade557310
23626,crsCode604765,semester789372,grade513337
149800,crsCode587346,semester950517,grade541185
638145,crsCode939421,semester5491,grade388254
766445,crsCode236673,semester939020,grade915509
270975,crsCode758770,semester70459,grade925579
220425,crsCode538562,semester648669,grade49367
357284,crsCode855613,semester172698,grade694657
137541,crsCode826477,semester375105,grade220093
986993,crsCode701130,semester100401,grade190463
660382,crsCode56734,semester418279,grade591258
932600,crsCode548645,semester445063,grade613561
274284,crsCode816711,semester936530,grade78712
700176,crsCode703054,semester970788,grade372000
340015,crsCode537499,semester90837,grade466301
792248,crsCode248178,semester380744,grade385246
835966,crsCode923057,semester752554,grade839849
204924,crsCode984667,semester697689,grade622168
980098,crsCode253054,semester491356,grade189524
745070,crsCode37083,semester591048,grade831148
755269,crsCode115366,semester861589,grade218802
891366,crsCode584914,semester834352,grade206834
315914,crsCode77167,semester465980,grade163344
263259,crsCode757337,semester613315,grade457789
193052,crsCode730286,semester382342,grade59606
106988,crsCode352833,semester687625,grade313113
458607,crsCode67217,semester274779,grade18372
556173,crsCode314473,semester442248,grade197516
238586,crsCode115366,semester781512,grade965942
745018,crsCode6313,semester679435,grade557974
927725,crsCode266018,semester499078,grade17186
379693,crsCode603511,semester873735,grade327154
914548,crsCode316963,semester744305,grade470423
417453,crsCode346926,semester658611,grade472469
240920,crsCode463904,semester19619,grade269630
853469,crsCode937196,semester418701,grade245164
806970,crsCode789302,semester665878,grade766170
181916,crsCode587894,semester505648,grade845216
323457,crsCode59802,semester538237,grade26249
178169,crsCode245284,semester221489,grade749970
810367,crsCode658313,semester869190,grade797442
735341,crsCode640671,semester644325,grade653920
157044,crsCode992361,semester693431,grade56598
994115,crsCode622234,semester874286,grade660128
418430,crsCode402758,semester667972,grade638577
392373,crsCode497283,semester482663,grade275810
730166,crsCode549812,semester188186,grade637207
5145,crsCode507616,semester396260,grade62705
575496,crsCode512152,semester128437,grade987241
666724,crsCode166536,semester799497,grade702287
328157,crsCode614729,semester911743,grade897760
234160,crsCode374576,semester289395,grade870461
236648,crsCode895351,semester849937,grade639310
432358,crsCode920944,semester299899,grade582962
875049,crsCode821201,semester853243,grade824801
534752,crsCode316963,semester854786,grade199713
402806,crsCode683992,semester468651,grade62241
896907,crsCode809356,semester871856,grade141046
92080,crsCode600644,semester158456,grade700783
676983,crsCode76865,semester664380,grade56663
253211,crsCode960450,semester263737,grade963526
805202,crsCode823826,semester994106,grade206948
768660,crsCode261743,semester180333,grade862972
2310,crsCode686205,semester685757,grade971448
868383,crsCode786653,semester535546,grade876415
164523,crsCode347509,semester187599,grade513640
907300,crsCode294573,semester298744,grade785497
217284,crsCode883404,semester566094,grade940352
318139,crsCode75817,semester843212,grade852269
945180,crsCode11307,semester216249,grade104715
146276,crsCode628445,semester275890,grade202106
963551,crsCode562098,semester976968,grade991818
223402,crsCode975536,semester969771,grade154389
723395,crsCode794744,semester13478,grade165689
318713,crsCode962033,semester769595,grade439856
531530,crsCode622440,semester904871,grade511246
114096,crsCode242120,semester477270,grade620951
527053,crsCode528104,semester373801,grade936699
1555,crsCode394193,semester842560,grade906800
550574,crsCode849142,semester694506,grade963817
229330,crsCode572499,semester604481,grade366456
863068,crsCode879103,semester578637,grade431933
332867,crsCode870556,semester127314,grade965834
618866,crsCode530420,semester623977,grade114133
234239,crsCode936725,semester162719,grade427352
632007,crsCode919043,semester845421,grade143753
6672,crsCode418999,semester371816,grade912305
85458,crsCode493644,semester900273,grade614316
30623,crsCode345573,semester33623,grade17788
224419,crsCode165008,semester712826,grade682313
485693,crsCode931451,semester57573,grade709241
986941,crsCode735227,semester321962,grade859688
852822,crsCode630309,semester428465,grade841092
990269,crsCode28422,semester302457,grade139656
366923,crsCode476938,semester617615,grade259731
222382,crsCode881777,semester58018,grade438052
577900,crsCode825088,semester356428,grade93685
831988,crsCode667867,semester678417,grade485361
372014,crsCode665091,semester566585,grade292050
739680,crsCode705659,semester298800,grade395291
112516,crsCode670636,semester112606,grade407343
999918,crsCode16989,semester35251,grade524557
782693,crsCode269654,semester501600,grade666281
486765,crsCode339144,semester783257,grade123495
418230,crsCode597654,semester686783,grade566198
701572,crsCode953262,semester803052,grade467207
375227,crsCode821755,semester275656,grade599721
104578,crsCode476938,semester774351,grade646851
326159,crsCode908398,semester517824,grade175533
524370,crsCode626986,semester369574,grade381291
632022,crsCode605986,semester183340,grade943430
463719,crsCode8186,semester377645,grade238857
939682,crsCode373359,semester843571,grade540437
689323,crsCode532973,semester526567,grade287906
44822,crsCode333440,semester192365,grade520082
47051,crsCode442219,semester69488,grade273459
852822,crsCode968341,semester888594,grade705938
532194,crsCode656258,semester971761,grade559926
141546,crsCode133866,semester461324,grade462720
61516,crsCode819379,semester832859,grade181725
398192,crsCode832366,semester597040,grade396837
597880,crsCode686055,semester59162,grade411475
634831,crsCode19113,semester285172,grade18977
723456,crsCode659849,semester414090,grade609408
178856,crsCode443766,semester330060,grade975857
623283,crsCode626758,semester669728,grade143299
249716,crsCode843324,semester507992,grade371369
92302,crsCode330556,semester882779,grade839799
887717,crsCode772751,semester830299,grade573113
665329,crsCode98464,semester662732,grade927856
184553,crsCode219503,semester82175,grade483818
953050,crsCode374576,semester289395,grade384445
829798,crsCode959505,semester517631,grade345440
723395,crsCode630309,semester118303,grade286309
333306,crsCode960450,semester175227,grade241047
38496,crsCode716356,semester809230,grade998892
795989,crsCode841970,semester720916,grade891239
458952,crsCode420084,semester375947,grade135885
272951,crsCode621,semester22167,grade207681
286197,crsCode395726,semester193079,grade382334
464127,crsCode732951,semester635228,grade357681
230438,crsCode548645,semester931453,grade301617
224276,crsCode115543,semester653676,grade211740
961755,crsCode779363,semester406842,grade11087
951904,crsCode736648,semester390977,grade589505
739300,crsCode300416,semester159434,grade276284
61029,crsCode429290,semester55806,grade886586
358162,crsCode89467,semester226110,grade426712
477481,crsCode254487,semester932754,grade114425
576000,crsCode960450,semester228853,grade635450
245515,crsCode520880,semester417347,grade888909
274711,crsCode686243,semester486345,grade144756
34066,crsCode719498,semester294457,grade670684
681965,crsCode404704,semester640865,grade443924
738304,crsCode565846,semester710124,grade93800
219281,crsCode714283,semester454000,grade723486
954608,crsCode769963,semester852143,grade519244
530583,crsCode174596,semester240312,grade991700
834477,crsCode924630,semester389546,grade735742
200046,crsCode852277,semester920044,grade776496
948018,crsCode496899,semester194603,grade216908
634832,crsCode623498,semester592521,grade650086
255299,crsCode241100,semester723866,grade832737
448798,crsCode862461,semester461683,grade79589
209093,crsCode340428,semester535082,grade30910
97660,crsCode117253,semester464392,grade444244
360951,crsCode81950,semester572406,grade251395
781340,crsCode278920,semester376728,grade715863
950729,crsCode821824,semester266721,grade922533
477901,crsCode680435,semester433645,grade678472
750544,crsCode703761,semester403041,grade66871
716648,crsCode639073,semester646699,grade478272
752914,crsCode400298,semester289243,grade381859
351458,crsCode69070,semester817211,grade213901
78695,crsCode211947,semester677656,grade742448
200244,crsCode39143,semester722029,grade339323
598099,crsCode372067,semester48886,grade397499
272167,crsCode325359,semester444757,grade894990
401744,crsCode443766,semester552492,grade295551
104852,crsCode485720,semester272941,grade596163
275238,crsCode72887,semester123708,grade225487
420952,crsCode801854,semester486243,grade335508
292957,crsCode372067,semester21994,grade782232
81218,crsCode757070,semester939286,grade438770
109934,crsCode26028,semester264149,grade597474
147736,crsCode193822,semester133819,grade14795
7500,crsCode171651,semester959716,grade623181
716094,crsCode705659,semester183894,grade62403
690894,crsCode658313,semester345251,grade199382
448800,crsCode670697,semester292016,grade538684
865231,crsCode363035,semester42400,grade681617
470978,crsCode868595,semester326705,grade813840
23626,crsCode166316,semester975516,grade181102
987689,crsCode158006,semester912143,grade274067
433033,crsCode334609,semester705836,grade906998
467622,crsCode835358,semester818661,grade77779
678805,crsCode423791,semester762581,grade629964
318125,crsCode665442,semester417037,grade502362
826805,crsCode605986,semester23905,grade327534
304702,crsCode345553,semester666315,grade95144
669650,crsCode827383,semester476349,grade59442
324174,crsCode937196,semester436589,grade9979
876957,crsCode926858,semester420962,grade365516
222382,crsCode975536,semester317731,grade135688
462307,crsCode898301,semester323070,grade424132
406045,crsCode540869,semester56815,grade937472
945861,crsCode422265,semester84842,grade934850
866987,crsCode765172,semester873162,grade344014
46581,crsCode756894,semester976841,grade552388
94565,crsCode266018,semester607064,grade259862
974079,crsCode358629,semester601351,grade200163
393376,crsCode288404,semester862762,grade776053
129643,crsCode477281,semester124263,grade700436
882891,crsCode795907,semester126771,grade847173
897739,crsCode150123,semester761986,grade133282
750707,crsCode464612,semester526913,grade334103
928752,crsCode606115,semester508913,grade508342
615665,crsCode170507,semester673622,grade121400
11673,crsCode56734,semester564701,grade873809
677405,crsCode323961,semester829351,grade408367
211691,crsCode44102,semester297452,grade607246
257032,crsCode686205,semester533278,grade713338
192502,crsCode159358,semester369804,grade549411
747174,crsCode813183,semester240926,grade609494
504283,crsCode421802,semester123944,grade612638
78540,crsCode278314,semester979719,grade746486
363957,crsCode138307,semester431999,grade657193
676892,crsCode882071,semester452922,grade11080
768428,crsCode671931,semester750221,grade331400
116018,crsCode760785,semester408209,grade958709
880704,crsCode285050,semester609877,grade207383
965605,crsCode715930,semester104650,grade322784
132005,crsCode110918,semester325641,grade273678
522183,crsCode750858,semester465323,grade547043
274644,crsCode832264,semester835522,grade479423
943212,crsCode664674,semester172835,grade56727
890262,crsCode705943,semester597990,grade457364
107418,crsCode792623,semester819419,grade139082
330367,crsCode582738,semester902728,grade875667
860907,crsCode972177,semester292978,grade718856
189779,crsCode887673,semester782406,grade534299
330683,crsCode423719,semester727280,grade67220
955290,crsCode168189,semester815792,grade111782
769722,crsCode982979,semester799181,grade927853
973221,crsCode680040,semester700003,grade255239
9272,crsCode22743,semester81449,grade574668
265013,crsCode789765,semester507998,grade232491
102140,crsCode395810,semester616172,grade398626
251614,crsCode864388,semester52126,grade109913
311479,crsCode510989,semester502059,grade2140
817410,crsCode736648,semester661060,grade943028
937744,crsCode122011,semester482722,grade656800
157008,crsCode600412,semester299485,grade999157
516596,crsCode480103,semester506831,grade97039
547720,crsCode161113,semester533547,grade10035
759467,crsCode251678,semester304442,grade908355
547230,crsCode656258,semester198099,grade517276
8276,crsCode59139,semester8062,grade432080
205284,crsCode637743,semester729622,grade186107
33955,crsCode827383,semester499090,grade25476
858722,crsCode644389,semester723829,grade763570
765637,crsCode383635,semester896590,grade300648
748615,crsCode819379,semester262586,grade55423
251381,crsCode383213,semester551180,grade396350
668082,crsCode830426,semester527395,grade231928
544204,crsCode855318,semester178824,grade752259
421343,crsCode838008,semester227591,grade839888
729646,crsCode371747,semester66759,grade505324
142976,crsCode791469,semester252493,grade988306
724770,crsCode23949,semester571430,grade942634
857810,crsCode35594,semester228825,grade657890
450084,crsCode866914,semester832231,grade242408
152061,crsCode806342,semester821912,grade34369
269182,crsCode772971,semester337193,grade719945
918622,crsCode340884,semester185767,grade853383
265402,crsCode459281,semester672057,grade139052
355708,crsCode611947,semester229265,grade332200
733121,crsCode421849,semester748865,grade265450
752104,crsCode576786,semester949399,grade890866
604756,crsCode936157,semester96592,grade591124
175907,crsCode588328,semester130698,grade286795
786512,crsCode72294,semester961864,grade197175
613518,crsCode98464,semester680813,grade594036
378254,crsCode1324,semester162411,grade229849
787455,crsCode817346,semester479475,grade131978
593206,crsCode355386,semester290203,grade951418
308702,crsCode245664,semester755440,grade351041
297049,crsCode237757,semester815497,grade570518
10974,crsCode416449,semester377121,grade496681
54234,crsCode459134,semester575157,grade625248
816719,crsCode165669,semester818333,grade616619
605049,crsCode739663,semester479071,grade841542
605960,crsCode827008,semester644179,grade633355
50943,crsCode503068,semester497146,grade130929
114096,crsCode519897,semester489835,grade683429
454750,crsCode282116,semester181336,grade767363
244835,crsCode108946,semester374717,grade229169
757593,crsCode603511,semester824783,grade645784
811678,crsCode289178,semester78945,grade121728
372921,crsCode678436,semester50429,grade851527
139577,crsCode417321,semester272358,grade892798
32747,crsCode134994,semester121698,grade408097
568670,crsCode14427,semester882733,grade601520
172455,crsCode239214,semester142858,grade904174
54025,crsCode713615,semester656591,grade789941
423220,crsCode232012,semester959500,grade806388
992242,crsCode709902,semester852527,grade362055
477834,crsCode519897,semester461232,grade585713
535297,crsCode47639,semester298524,grade418809
127799,crsCode644858,semester116864,grade489118
686282,crsCode825229,semester662693,grade307895
85462,crsCode238232,semester966682,grade838316
559458,crsCode348374,semester953112,grade936779
184339,crsCode977767,semester971301,grade609096
733390,crsCode549110,semester650570,grade542036
934378,crsCode40927,semester229225,grade169752
572809,crsCode372067,semester823915,grade967502
295244,crsCode878962,semester310349,grade279036
339516,crsCode153533,semester725273,grade795470
253905,crsCode540934,semester274111,grade181008
233331,crsCode495392,semester794963,grade132677
720902,crsCode232838,semester324469,grade643430
528503,crsCode185677,semester204991,grade279738
164006,crsCode6313,semester66198,grade364174
397137,crsCode682420,semester865343,grade175826
474237,crsCode571410,semester901052,grade646608
544487,crsCode887052,semester391208,grade418378
13153,crsCode884543,semester574678,grade787502
587336,crsCode131263,semester410392,grade925752
621767,crsCode614980,semester207215,grade898724
686612,crsCode295835,semester927642,grade627535
173440,crsCode305239,semester884549,grade83114
424100,crsCode568369,semester338736,grade250969
73151,crsCode93703,semester698959,grade108526
728820,crsCode77167,semester801147,grade121468
127391,crsCode213446,semester731556,grade383515
330196,crsCode391558,semester102656,grade387064
506271,crsCode635904,semester205456,grade710102
924000,crsCode28493,semester195827,grade491493
851244,crsCode581655,semester691302,grade109501
455258,crsCode990006,semester8499,grade882935
110062,crsCode904812,semester963755,grade730792
119307,crsCode786800,semester112067,grade292283
878489,crsCode428899,semester347450,grade997418
6752,crsCode854050,semester108825,grade191577
671033,crsCode708088,semester350053,grade563599
193748,crsCode521524,semester952649,grade224017
718355,crsCode206273,semester680173,grade715869
758025,crsCode848435,semester974100,grade89408
856630,crsCode447722,semester615163,grade884053
852273,crsCode78070,semester788433,grade755290
583626,crsCode499309,semester801956,grade45040
911138,crsCode686243,semester253608,grade691631
408693,crsCode340926,semester300079,grade822371
499450,crsCode374732,semester914116,grade131560
741622,crsCode896109,semester890565,grade128797
375864,crsCode750151,semester107313,grade374984
338982,crsCode190341,semester178591,grade732422
282873,crsCode902290,semester636923,grade904941
882781,crsCode166536,semester540643,grade867392
527422,crsCode380708,semester238894,grade633550
153809,crsCode603511,semester726288,grade828391
816800,crsCode566596,semester263625,grade24764
917696,crsCode519897,semester215768,grade931666
735959,crsCode689866,semester236978,grade535267
957153,crsCode88904,semester996199,grade674385
333370,crsCode872,semester15574,grade980999
785198,crsCode754178,semester735622,grade626670
6672,crsCode33759,semester151262,grade481225
259583,crsCode263146,semester185320,grade121454
562068,crsCode75540,semester58854,grade814498
896923,crsCode40771,semester826099,grade245647
329551,crsCode417286,semester668858,grade775332
249201,crsCode897672,semester554769,grade386378
615108,crsCode656140,semester493552,grade97150
513706,crsCode905321,semester529052,grade949519
210513,crsCode159358,semester428602,grade735670
413486,crsCode576179,semester915728,grade288397
510462,crsCode269193,semester513406,grade150318
171800,crsCode86648,semester631552,grade299945
284441,crsCode114530,semester518130,grade858593
129834,crsCode600412,semester995761,grade334787
980261,crsCode319226,semester673937,grade182948
911235,crsCode687500,semester384820,grade765047
337740,crsCode38442,semester477190,grade926951
971255,crsCode886292,semester775227,grade544087
972323,crsCode306044,semester140524,grade457652
61328,crsCode309240,semester173175,grade427443
336155,crsCode757663,semester524960,grade733548
812268,crsCode841943,semester137178,grade472403
560950,crsCode975611,semester251374,grade842575
844784,crsCode167775,semester167935,grade890104
116117,crsCode855613,semester672105,grade151154
191761,crsCode106853,semester442681,grade8032
615430,crsCode324389,semester689797,grade697287
373845,crsCode517060,semester218469,grade835137
251849,crsCode59468,semester651326,grade994715
827692,crsCode681771,semester123379,grade337867
946558,crsCode459273,semester186373,grade643281
977454,crsCode257893,semester82281,grade907432
989519,crsCode94110,semester826178,grade665257
505098,crsCode185914,semester858527,grade65597
176761,crsCode299537,semester520354,grade941821
36413,crsCode72887,semester562300,grade767272
295770,crsCode507616,semester506656,grade534016
557866,crsCode40927,semester644014,grade372289
108514,crsCode8186,semester292970,grade222527
181427,crsCode660571,semester218154,grade692955
408277,crsCode57426,semester492604,grade157857
587336,crsCode83555,semester296604,grade39297
103839,crsCode853676,semester573162,grade125353
986791,crsCode737419,semester461572,grade639483
379478,crsCode355568,semester646624,grade862832
525783,crsCode446123,semester401630,grade155209
551344,crsCode323961,semester309522,grade341165
885025,crsCode81950,semester494053,grade784996
346485,crsCode707347,semester420017,grade979694
946721,crsCode441613,semester710441,grade395649
6021,crsCode263826,semester655305,grade708254
272821,crsCode810135,semester992592,grade820367
975476,crsCode697585,semester391811,grade624511
82683,crsCode573570,semester323278,grade726901
559292,crsCode398675,semester490023,grade337071
495763,crsCode139439,semester447788,grade918999
684191,crsCode621132,semester455218,grade17316
836928,crsCode766252,semester332014,grade262096
931483,crsCode226635,semester803571,grade482481
840101,crsCode367680,semester477365,grade514871
663330,crsCode231751,semester697600,grade973761
313505,crsCode159358,semester73601,grade477212
908667,crsCode402657,semester646661,grade492121
408936,crsCode168348,semester403433,grade338761
887484,crsCode784211,semester185316,grade755479
75446,crsCode254330,semester622057,grade512195
528833,crsCode102360,semester232234,grade742903
774455,crsCode474675,semester745170,grade295111
930349,crsCode210926,semester897051,grade917578
305772,crsCode754641,semester787907,grade153423
855976,crsCode600412,semester301770,grade668798
759688,crsCode305244,semester413359,grade789517
806660,crsCode565281,semester355156,grade688347
430887,crsCode953486,semester111345,grade611820
271836,crsCode962748,semester181377,grade599170
302206,crsCode164294,semester638856,grade249364
557702,crsCode890725,semester591217,grade588462
13584,crsCode322381,semester307848,grade754788
38788,crsCode425947,semester355345,grade89076
805668,crsCode833811,semester42056,grade902007
948018,crsCode600712,semester983318,grade17540
225292,crsCode791554,semester232536,grade99042
563394,crsCode245664,semester371123,grade300775
950304,crsCode429337,semester216969,grade196721
266386,crsCode20702,semester914694,grade577280
278959,crsCode269480,semester768127,grade160559
129260,crsCode907818,semester306073,grade670349
476931,crsCode865197,semester524438,grade94876
735959,crsCode425947,semester176828,grade378854
689499,crsCode542068,semester244593,grade726902
990635,crsCode402877,semester429384,grade539130
663120,crsCode563069,semester343155,grade36275
294191,crsCode707347,semester60363,grade100310
707735,crsCode778021,semester966472,grade677379
727180,crsCode654225,semester561136,grade183519
287323,crsCode687500,semester987370,grade417104
7897,crsCode33759,semester492047,grade77844
805291,crsCode786800,semester389718,grade337982
428578,crsCode257259,semester379212,grade730127
498181,crsCode521524,semester41438,grade260077
263747,crsCode718520,semester771775,grade676866
619868,crsCode138307,semester979881,grade222068
249305,crsCode171651,semester189592,grade837308
268686,crsCode896109,semester130931,grade6886
990158,crsCode23949,semester592346,grade517604
731801,crsCode302430,semester489321,grade885518
491661,crsCode976159,semester237288,grade986298
664596,crsCode148867,semester322230,grade502516
841844,crsCode611549,semester947152,grade804634
903882,crsCode916956,semester755152,grade5527
135730,crsCode508073,semester475837,grade684730
954974,crsCode397742,semester475742,grade359730
848859,crsCode999162,semester268940,grade200808
310569,crsCode225317,semester64404,grade604537
297866,crsCode692503,semester323332,grade422286
852374,crsCode825617,semester23005,grade802522
713013,crsCode533667,semester580738,grade80176
123185,crsCode659082,semester694223,grade302975
697155,crsCode373106,semester632968,grade102955
224976,crsCode528104,semester447941,grade278408
298763,crsCode827383,semester208455,grade662325
431500,crsCode535312,semester488930,grade911315
794623,crsCode897716,semester557023,grade568161
893392,crsCode896035,semester520405,grade836790
162719,crsCode780415,semester666558,grade669977
112579,crsCode528826,semester430608,grade274368
288221,crsCode955010,semester354715,grade415460
18801,crsCode692246,semester503092,grade632125
158109,crsCode423574,semester923579,grade721375
791413,crsCode884478,semester496544,grade452849
593206,crsCode690088,semester629476,grade828614
234094,crsCode443826,semester58135,grade480281
908780,crsCode641351,semester28026,grade422890
516147,crsCode388478,semester830373,grade256687
592546,crsCode103075,semester503024,grade685689
66980,crsCode924360,semester576958,grade797541
292763,crsCode847666,semester153955,grade115194
678629,crsCode170507,semester922582,grade368294
938274,crsCode117253,semester754369,grade402832
738904,crsCode559904,semester115711,grade174233
64795,crsCode13462,semester133840,grade300405
285388,crsCode489802,semester244695,grade818975
474736,crsCode211947,semester823044,grade103934
597432,crsCode307071,semester998296,grade843602
482166,crsCode327694,semester327730,grade837786
617191,crsCode709882,semester762694,grade635014
507965,crsCode872232,semester450942,grade766612
401938,crsCode246375,semester330343,grade817674
275375,crsCode382063,semester631306,grade317519
352224,crsCode107099,semester523493,grade576677
458059,crsCode57426,semester660352,grade676550
967213,crsCode912318,semester706239,grade529051
313856,crsCode703454,semester683021,grade540051
466467,crsCode194526,semester141682,grade724710
327907,crsCode331276,semester183118,grade680551
458568,crsCode194873,semester285647,grade335615
432927,crsCode402657,semester839359,grade932235
235212,crsCode42963,semester237492,grade350484
789874,crsCode880296,semester249267,grade763111
278959,crsCode161561,semester313494,grade429265
355787,crsCode399008,semester525404,grade438777
25523,crsCode346145,semester500048,grade311450
90640,crsCode936703,semester562633,grade629659
62406,crsCode294821,semester569829,grade221708
415749,crsCode201401,semester644997,grade429311
986640,crsCode1498,semester767308,grade84481
894040,crsCode140177,semester11340,grade628468
480733,crsCode636208,semester593397,grade875786
521440,crsCode582345,semester271739,grade450528
163590,crsCode878860,semester529659,grade773428
948916,crsCode402657,semester468352,grade985285
386167,crsCode266464,semester764580,grade502854
243177,crsCode477281,semester410464,grade203582
116741,crsCode944698,semester535021,grade141503
890733,crsCode238661,semester261764,grade842752
859418,crsCode256573,semester18343,grade123290
199465,crsCode808602,semester52663,grade252635
553609,crsCode421421,semester518864,grade262987
848864,crsCode421421,semester789539,grade918585
14727,crsCode898179,semester937999,grade351232
639970,crsCode847666,semester820426,grade553883
956083,crsCode395726,semester928945,grade874146
425463,crsCode412228,semester807675,grade983713
885066,crsCode8186,semester377645,grade747475
454663,crsCode350311,semester406452,grade52736
31872,crsCode101701,semester327941,grade537648
718617,crsCode622440,semester464911,grade618059
172203,crsCode607807,semester902287,grade830862
51364,crsCode629470,semester136142,grade860204
301732,crsCode661566,semester248462,grade376767
918622,crsCode110918,semester108117,grade415913
965657,crsCode156490,semester911000,grade335820
332777,crsCode183936,semester491565,grade867169
433432,crsCode418437,semester110677,grade941177
817275,crsCode474392,semester771001,grade742286
370571,crsCode9543,semester253782,grade775237
333746,crsCode719498,semester694740,grade885891
453460,crsCode648277,semester612070,grade258409
618565,crsCode9543,semester54280,grade306861
118179,crsCode622229,semester257544,grade762070
448791,crsCode867348,semester130826,grade893460
901521,crsCode181499,semester787522,grade14841
145636,crsCode582345,semester355067,grade176728
559431,crsCode329817,semester640417,grade217721
531678,crsCode215455,semester678048,grade299574
405949,crsCode316963,semester488278,grade564021
352156,crsCode235490,semester485724,grade621889
156408,crsCode634929,semester597035,grade949831
255466,crsCode976957,semester268548,grade587883
532111,crsCode94110,semester103693,grade389509
577900,crsCode645621,semester555374,grade91132
395519,crsCode307071,semester758029,grade83836
720549,crsCode648277,semester845769,grade354839
214760,crsCode897036,semester119730,grade36726
63693,crsCode509880,semester657457,grade3129
574052,crsCode130529,semester932655,grade605427
173994,crsCode496899,semester265859,grade542779
855815,crsCode44486,semester125341,grade242544
664156,crsCode523836,semester773775,grade621133
276652,crsCode980834,semester739608,grade723749
933331,crsCode501950,semester770824,grade469499
829024,crsCode49553,semester281424,grade175552
489405,crsCode878962,semester948683,grade529129
975077,crsCode181054,semester716144,grade923501
640010,crsCode800478,semester494821,grade297880
565300,crsCode753491,semester211008,grade519183
365893,crsCode89286,semester679035,grade563041
941444,crsCode689866,semester891785,grade902853
318139,crsCode886111,semester497946,grade217334
530084,crsCode650210,semester490148,grade117864
774885,crsCode406118,semester961416,grade358565
512016,crsCode844596,semester786786,grade360009
303786,crsCode165008,semester855602,grade435030
590167,crsCode257065,semester256843,grade816821
198106,crsCode442484,semester7992,grade78346
170447,crsCode325489,semester841525,grade599858
492054,crsCode764888,semester40627,grade768476
829894,crsCode824066,semester273189,grade317249
545904,crsCode541895,semester421234,grade836353
13645,crsCode688428,semester621325,grade763483
481330,crsCode681771,semester21677,grade25161
49903,crsCode160201,semester274630,grade837558
816776,crsCode466213,semester262598,grade927773
702084,crsCode384355,semester773856,grade681215
831489,crsCode410505,semester735515,grade971201
805924,crsCode425947,semester308067,grade13407
781598,crsCode294304,semester981887,grade902097
151110,crsCode922163,semester842389,grade188153
777066,crsCode779885,semester27174,grade358661
659661,crsCode559364,semester729791,grade732583
280642,crsCode135371,semester294259,grade198702
669874,crsCode340428,semester821850,grade448449
367993,crsCode515783,semester204150,grade620728
843330,crsCode47878,semester251786,grade530199
541085,crsCode375746,semester364546,grade509992
200861,crsCode300284,semester393418,grade934516
993828,crsCode801069,semester584756,grade60701
12982,crsCode674248,semester209430,grade916699
620668,crsCode611118,semester868832,grade78481
289387,crsCode216705,semester702507,grade480075
977268,crsCode736648,semester726206,grade369431
870093,crsCode937028,semester178129,grade300285
987243,crsCode654866,semester859100,grade769308
143917,crsCode577034,semester286094,grade918946
836606,crsCode166536,semester132015,grade522663
221467,crsCode622229,semester274572,grade676583
331916,crsCode755008,semester503386,grade186522
835713,crsCode315895,semester231110,grade509938
130303,crsCode349992,semester545337,grade569328
4811,crsCode639430,semester992676,grade816036
852597,crsCode27960,semester971401,grade227135
304720,crsCode642511,semester241658,grade623574
363379,crsCode947068,semester138677,grade718518
374188,crsCode333996,semester161195,grade896350
463834,crsCode248535,semester582410,grade337821
907114,crsCode120178,semester825560,grade469321
239930,crsCode969138,semester713060,grade527065
722736,crsCode832405,semester489686,grade307040
845657,crsCode530420,semester893737,grade289958
460157,crsCode271961,semester899286,grade473317
361759,crsCode636074,semester183854,grade239197
936102,crsCode689439,semester697158,grade60500
994748,crsCode115237,semester299279,grade414318
222519,crsCode53034,semester982851,grade49124
83514,crsCode781759,semester880986,grade756580
343294,crsCode944698,semester666297,grade664005
513813,crsCode542250,semester375035,grade271142
172934,crsCode786171,semester956241,grade309538
326138,crsCode812993,semester960275,grade260977
241560,crsCode597654,semester548814,grade243358
920098,crsCode795907,semester119677,grade667680
918531,crsCode761723,semester714259,grade7576
585295,crsCode400298,semester76888,grade644262
956368,crsCode300715,semester594614,grade318184
75962,crsCode924360,semester20751,grade609937
61212,crsCode225317,semester150885,grade160033
873884,crsCode885556,semester342374,grade829958
711249,crsCode857739,semester59533,grade23055
121902,crsCode185677,semester967489,grade711689
406045,crsCode529944,semester732884,grade448952
944945,crsCode475716,semester856207,grade144500
907286,crsCode885556,semester918753,grade785437
141288,crsCode688769,semester635650,grade716412
672201,crsCode295835,semester613170,grade301879
406788,crsCode834896,semester129950,grade949745
45050,crsCode33559,semester877705,grade382012
778614,crsCode895281,semester415544,grade749819
857099,crsCode62985,semester999740,grade396889
553350,crsCode404704,semester53614,grade404064
636439,crsCode461571,semester964323,grade67703
90240,crsCode264490,semester58687,grade20603
222382,crsCode496625,semester480218,grade424376
377371,crsCode843810,semester600259,grade17924
119180,crsCode670697,semester919812,grade368440
168646,crsCode886700,semester981777,grade688652
631776,crsCode941479,semester751196,grade756942
241560,crsCode470568,semester397522,grade286079
762233,crsCode103995,semester866527,grade366282
452773,crsCode510875,semester621307,grade65825
415749,crsCode80117,semester330503,grade666614
659087,crsCode982766,semester374675,grade614804
560950,crsCode115237,semester366165,grade358807
681537,crsCode764999,semester780647,grade904718
584327,crsCode405960,semester721232,grade155499
787463,crsCode159358,semester381328,grade953637
771579,crsCode676428,semester235762,grade103467
193835,crsCode637288,semester466590,grade355268
711064,crsCode261743,semester865493,grade820551
6467,crsCode872,semester540183,grade91892
350914,crsCode6320,semester689579,grade179438
501956,crsCode806174,semester587320,grade348118
599750,crsCode303658,semester26749,grade618885
482698,crsCode126503,semester27555,grade803941
144619,crsCode147945,semester554380,grade674221
384257,crsCode923349,semester99996,grade726391
873009,crsCode582455,semester188225,grade343295
187867,crsCode549062,semester212948,grade512634
334414,crsCode435802,semester370853,grade632849
53739,crsCode81428,semester445773,grade430392
437674,crsCode895351,semester642097,grade96111
860704,crsCode421421,semester745485,grade11157
692809,crsCode261652,semester139372,grade120676
677655,crsCode948041,semester216442,grade544013
458639,crsCode723865,semester652156,grade18545
191470,crsCode349334,semester447859,grade491001
559997,crsCode622594,semester805430,grade14034
963395,crsCode150713,semester51975,grade85640
956891,crsCode640120,semester396570,grade501694
707086,crsCode931451,semester178840,grade838024
506397,crsCode69070,semester431659,grade954917
622734,crsCode744816,semester315939,grade323100
121639,crsCode594711,semester3324,grade427249
719488,crsCode300545,semester283314,grade669764
406556,crsCode659514,semester203897,grade482439
783554,crsCode553531,semester368582,grade812122
365475,crsCode439098,semester572778,grade604966
497979,crsCode969998,semester996591,grade285618
65772,crsCode832804,semester448932,grade545660
842415,crsCode958262,semester29403,grade593461
619231,crsCode161561,semester162367,grade720243
621427,crsCode22743,semester728422,grade812742
527625,crsCode241932,semester423945,grade445865
876986,crsCode101288,semester243038,grade375572
811497,crsCode816755,semester612814,grade670446
228416,crsCode358629,semester688193,grade16352
432305,crsCode349334,semester61958,grade992709
521599,crsCode216020,semester103636,grade428413
875161,crsCode279153,semester781439,grade188065
16152,crsCode976957,semester602128,grade427985
120120,crsCode969586,semester619769,grade150696
507667,crsCode450786,semester173627,grade351505
729310,crsCode883404,semester45813,grade245427
159182,crsCode945829,semester294725,grade70664
504602,crsCode47878,semester679829,grade167371
933084,crsCode429337,semester742144,grade220816
178169,crsCode503819,semester783203,grade413997
771086,crsCode934575,semester18606,grade23318
107347,crsCode922654,semester764841,grade665543
317633,crsCode897672,semester990174,grade93082
613456,crsCode53301,semester509049,grade568312
705893,crsCode311255,semester560096,grade683756
532172,crsCode349334,semester516036,grade203027
591147,crsCode922737,semester468952,grade862128
518402,crsCode92524,semester527345,grade492700
411373,crsCode543657,semester302954,grade414874
590956,crsCode911642,semester582316,grade64585
971441,crsCode848782,semester683142,grade933234
577900,crsCode590746,semester621790,grade172673
97205,crsCode664674,semester646439,grade115857
261873,crsCode301340,semester513111,grade895840
65876,crsCode51803,semester356152,grade961314
675222,crsCode900140,semester541627,grade267185
540172,crsCode810135,semester293943,grade792033
770416,crsCode892956,semester940800,grade71218
497501,crsCode702757,semester562670,grade24287
846861,crsCode638020,semester837691,grade252755
544487,crsCode469991,semester177383,grade635899
830405,crsCode81428,semester445773,grade278326
636933,crsCode962339,semester21561,grade153833
990137,crsCode115543,semester329880,grade346672
333408,crsCode716356,semester761393,grade42351
781824,crsCode934575,semester340255,grade952646
302792,crsCode236742,semester77229,grade205923
767344,crsCode731601,semester497361,grade703729
799925,crsCode766439,semester397718,grade688558
466380,crsCode697585,semester439047,grade721370
813427,crsCode947251,semester741981,grade545803
272440,crsCode46825,semester632470,grade571997
998950,crsCode100195,semester358120,grade614407
454145,crsCode270709,semester364085,grade813834
377061,crsCode448994,semester180485,grade944642
678966,crsCode310755,semester645161,grade127583
862382,crsCode721785,semester289980,grade372013
667201,crsCode232838,semester514471,grade855567
815674,crsCode340573,semester919267,grade67850
740043,crsCode122011,semester563412,grade481085
821559,crsCode758770,semester585073,grade209455
196375,crsCode872,semester851625,grade196161
734777,crsCode689439,semester988361,grade890306
574510,crsCode692589,semester992865,grade448353
870607,crsCode660571,semester419829,grade713533
70746,crsCode947421,semester792323,grade315353
777681,crsCode636117,semester189220,grade767915
778978,crsCode300284,semester933275,grade607507
438389,crsCode35688,semester437617,grade363817
239868,crsCode51163,semester614883,grade624495
86807,crsCode302871,semester749676,grade536869
759896,crsCode173322,semester482630,grade74748
714212,crsCode999775,semester747876,grade157666
760813,crsCode47878,semester957806,grade73532
260867,crsCode584442,semester387898,grade562802
441753,crsCode665162,semester908347,grade811811
66648,crsCode969853,semester206828,grade474554
313131,crsCode891316,semester492508,grade40728
483770,crsCode294821,semester982224,grade918449
332752,crsCode821824,semester453502,grade639411
591089,crsCode906177,semester543667,grade884960
178645,crsCode640708,semester840328,grade663997
245717,crsCode757386,semester627067,grade575842
650855,crsCode349334,semester329796,grade994994
150947,crsCode759832,semester609353,grade264933
547516,crsCode908074,semester990098,grade473153
523108,crsCode597654,semester686783,grade442280
428895,crsCode299813,semester848889,grade769226
732256,crsCode33759,semester268980,grade925050
56244,crsCode84255,semester819910,grade609310
857537,crsCode425947,semester615677,grade704385
389424,crsCode569488,semester585626,grade230275
671450,crsCode461477,semester206738,grade529648
889889,crsCode860145,semester360689,grade723117
635474,crsCode844855,semester315031,grade855118
340215,crsCode573570,semester823300,grade432261
819841,crsCode22034,semester814719,grade2166
761994,crsCode863653,semester185369,grade56614
142515,crsCode269480,semester964214,grade453265
668833,crsCode758770,semester175239,grade407834
724483,crsCode766930,semester571557,grade901597
536425,crsCode461571,semester422029,grade901985
823841,crsCode80117,semester526797,grade633961
83914,crsCode681771,semester445965,grade348457
967516,crsCode114469,semester425101,grade691350
914548,crsCode483042,semester852733,grade683798
41995,crsCode120403,semester472706,grade481751
267448,crsCode140177,semester672966,grade232443
468518,crsCode879807,semester180936,grade996529
791387,crsCode639533,semester611684,grade272799
827199,crsCode40771,semester759191,grade255483
751589,crsCode148867,semester171245,grade976953
106950,crsCode438644,semester141230,grade823455
180033,crsCode27521,semester688561,grade912116
96763,crsCode391525,semester889995,grade769302
376397,crsCode572857,semester167743,grade701355
796601,crsCode196026,semester296553,grade899376
531817,crsCode14427,semester186619,grade7661
402933,crsCode605993,semester429146,grade177225
722351,crsCode590413,semester473258,grade985402
452434,crsCode40771,semester819551,grade266260
472521,crsCode184283,semester652576,grade774595
696177,crsCode226632,semester510128,grade141972
366236,crsCode442275,semester459352,grade484141
326628,crsCode101652,semester761139,grade675613
446049,crsCode957480,semester25899,grade315214
814799,crsCode954743,semester493012,grade344663
313994,crsCode895281,semester171755,grade943086
278525,crsCode757386,semester176689,grade274491
823330,crsCode886292,semester198076,grade58183
509693,crsCode317286,semester525703,grade384915
46018,crsCode601559,semester549730,grade331845
856539,crsCode867094,semester203959,grade642558
584535,crsCode953082,semester989029,grade199
78892,crsCode954370,semester568466,grade860969
569355,crsCode772751,semester572664,grade848859
268119,crsCode254935,semester245228,grade412182
692809,crsCode690088,semester629476,grade297925
829520,crsCode275450,semester922486,grade682840
519770,crsCode182175,semester976609,grade740920
462307,crsCode577826,semester9612,grade149333
999271,crsCode824066,semester248831,grade745946
954608,crsCode242120,semester300690,grade600898
846385,crsCode46825,semester414534,grade431940
523491,crsCode601737,semester893574,grade978538
293914,crsCode384008,semester814244,grade815936
809136,crsCode705659,semester490658,grade195623
280768,crsCode302322,semester587140,grade260937
173479,crsCode107098,semester394737,grade247591
272270,crsCode548842,semester440007,grade410701
467226,crsCode424887,semester672968,grade183591
817009,crsCode316496,semester345526,grade385646
659272,crsCode15133,semester663489,grade358971
120441,crsCode918302,semester243130,grade226876
326964,crsCode897826,semester137740,grade412804
931106,crsCode919779,semester104993,grade573436
815475,crsCode844461,semester561240,grade191031
322970,crsCode665162,semester677060,grade144996
279141,crsCode797092,semester988989,grade693276
356245,crsCode402832,semester932947,grade694107
345967,crsCode791833,semester367918,grade657612
311622,crsCode621543,semester842060,grade20925
680855,crsCode295835,semester605283,grade126898
244097,crsCode328312,semester575951,grade632789
491752,crsCode621203,semester467801,grade989195
504061,crsCode106853,semester750085,grade941089
282993,crsCode715952,semester11984,grade824293
987660,crsCode946856,semester495739,grade539090
766166,crsCode644389,semester833605,grade91491
256367,crsCode110356,semester547528,grade966088
987842,crsCode120817,semester818407,grade283702
554243,crsCode632001,semester417544,grade610905
634832,crsCode324389,semester440197,grade175589
265681,crsCode726889,semester43211,grade839946
478796,crsCode854050,semester384893,grade806726
134284,crsCode849142,semester437274,grade750740
826805,crsCode709882,semester810049,grade535362
206442,crsCode385235,semester770722,grade816928
175514,crsCode460107,semester175870,grade353300
67717,crsCode885359,semester847921,grade903947
851737,crsCode718520,semester263641,grade630090
7500,crsCode644389,semester95823,grade864610
86039,crsCode431999,semester72650,grade789058
44993,crsCode924360,semester944264,grade289382
261137,crsCode855613,semester277805,grade638894
10733,crsCode754178,semester936491,grade162761
519059,crsCode827974,semester266883,grade94416
71229,crsCode149013,semester870326,grade8303
529786,crsCode47263,semester12260,grade713790
652588,crsCode654412,semester861212,grade996654
969103,crsCode327694,semester198339,grade354270
139797,crsCode425947,semester776321,grade918413
860461,crsCode57426,semester492604,grade898282
98675,crsCode438644,semester896310,grade516872
875404,crsCode207946,semester905155,grade937581
698476,crsCode639066,semester198755,grade811402
219281,crsCode431999,semester630924,grade941764
713101,crsCode680749,semester426403,grade231856
64328,crsCode911516,semester980179,grade140126
282931,crsCode715255,semester82490,grade162956
30517,crsCode748037,semester980092,grade751164
713453,crsCode822009,semester710981,grade839520
557785,crsCode543673,semester813730,grade630833
449691,crsCode916956,semester625302,grade882590
851737,crsCode613132,semester287214,grade837474
954555,crsCode639533,semester424213,grade875182
875444,crsCode739526,semester752020,grade527494
789747,crsCode602768,semester88289,grade172200
930680,crsCode943430,semester2636,grade273126
374663,crsCode246375,semester339637,grade556693
549777,crsCode191253,semester442919,grade987870
476141,crsCode299813,semester881113,grade662513
80744,crsCode832804,semester973122,grade390490
564074,crsCode667867,semester566946,grade398636
587265,crsCode229676,semester474156,grade949209
143736,crsCode448932,semester734936,grade416548
879779,crsCode103744,semester706740,grade799405
154670,crsCode408455,semester721199,grade529003
668183,crsCode438644,semester676600,grade611321
731411,crsCode742972,semester264570,grade587143
147176,crsCode270709,semester306585,grade343025
200071,crsCode166342,semester757887,grade342188
557551,crsCode703761,semester945618,grade266972
379265,crsCode895509,semester789875,grade961412
104361,crsCode253960,semester133500,grade246293
417282,crsCode184689,semester548299,grade614439
345136,crsCode793115,semester365730,grade489541
7897,crsCode72294,semester630501,grade659362
27559,crsCode717395,semester359304,grade883562
328519,crsCode680924,semester358052,grade39220
936092,crsCode819519,semester546661,grade219731
560950,crsCode251912,semester343584,grade870156
815041,crsCode549812,semester319928,grade710561
29091,crsCode401093,semester845931,grade632204
781758,crsCode896450,semester340323,grade601224
943192,crsCode193822,semester713062,grade406152
491752,crsCode120178,semester477757,grade751051
553609,crsCode782612,semester392783,grade221511
759401,crsCode531448,semester708192,grade554562
176917,crsCode718759,semester284338,grade700032
278376,crsCode529718,semester459803,grade866711
363954,crsCode577034,semester210772,grade920414
364973,crsCode584914,semester503532,grade73412
692760,crsCode885556,semester787527,grade897789
666920,crsCode122011,semester654245,grade197142
199130,crsCode10779,semester621046,grade448746
820711,crsCode572857,semester167743,grade130925
638146,crsCode576179,semester24769,grade381989
464580,crsCode345051,semester383036,grade191289
302460,crsCode300715,semester606406,grade262178
39141,crsCode554863,semester279263,grade667454
26813,crsCode898358,semester270444,grade538179
436117,crsCode401238,semester483647,grade457104
662350,crsCode332862,semester331540,grade64735
568158,crsCode66886,semester41079,grade707415
994400,crsCode300284,semester948886,grade906046
802220,crsCode159230,semester217959,grade788812
5453,crsCode852277,semester386778,grade987290
307515,crsCode794744,semester13478,grade302010
848007,crsCode463904,semester539030,grade917216
567188,crsCode680435,semester433645,grade13373
239188,crsCode876505,semester209831,grade265580
744381,crsCode171538,semester817161,grade701893
2669,crsCode460860,semester754079,grade841488
615236,crsCode815579,semester879510,grade822740
878291,crsCode220859,semester615401,grade893261
794872,crsCode629470,semester355929,grade34811
870954,crsCode995034,semester415821,grade48727
154222,crsCode441613,semester435045,grade818721
372763,crsCode705659,semester294261,grade858068
683087,crsCode126503,semester820209,grade281275
668948,crsCode47263,semester483777,grade48157
720217,crsCode990006,semester673234,grade319124
936568,crsCode255893,semester333577,grade760188
42892,crsCode47003,semester597792,grade565126
130972,crsCode175292,semester894800,grade506924
238523,crsCode713430,semester886712,grade475583
586834,crsCode261603,semester728025,grade31900
86681,crsCode167775,semester454250,grade228477
388719,crsCode494524,semester835386,grade418795
798946,crsCode372067,semester877386,grade124369
557726,crsCode741145,semester514420,grade881197
104919,crsCode297462,semester759260,grade547807
435022,crsCode764999,semester590921,grade595620
94324,crsCode9852,semester797702,grade146076
628381,crsCode594202,semester969334,grade436615
193015,crsCode908115,semester926640,grade688078
860395,crsCode492654,semester411838,grade714366
113749,crsCode867944,semester218022,grade366479
314670,crsCode704285,semester721983,grade539555
631776,crsCode617695,semester235560,grade591562
878912,crsCode993068,semester467451,grade899586
976971,crsCode999586,semester377812,grade614396
382984,crsCode697399,semester961688,grade657881
107437,crsCode908313,semester601696,grade754548
710213,crsCode907590,semester513817,grade848664
351251,crsCode245284,semester221489,grade874194
307698,crsCode397742,semester437447,grade952290
483890,crsCode890725,semester494693,grade519755
276136,crsCode83255,semester762236,grade188810
441723,crsCode879989,semester23247,grade14499
801682,crsCode469991,semester31007,grade514838
35681,crsCode407058,semester753419,grade906481
670964,crsCode885556,semester206261,grade364031
844104,crsCode758225,semester186058,grade746782
132069,crsCode9486,semester248099,grade389422
670493,crsCode452946,semester120045,grade250021
563101,crsCode656111,semester814093,grade933824
237958,crsCode481071,semester145716,grade644756
95892,crsCode447722,semester529987,grade789507
470681,crsCode77170,semester807641,grade799754
284724,crsCode184833,semester375420,grade905398
903666,crsCode779591,semester205013,grade332662
729787,crsCode992361,semester496011,grade498060
780535,crsCode259699,semester531171,grade1822
129950,crsCode904323,semester760724,grade624873
209192,crsCode301340,semester447239,grade513301
928678,crsCode934148,semester426311,grade809955
163913,crsCode296809,semester357804,grade775874
154670,crsCode156719,semester400649,grade754625
858187,crsCode485720,semester695465,grade358688
975743,crsCode300080,semester651114,grade932927
980261,crsCode790865,semester729165,grade155512
193352,crsCode896450,semester341536,grade22280
93558,crsCode874517,semester501464,grade35752
884811,crsCode748653,semester798144,grade432826
176052,crsCode40927,semester691993,grade474527
700719,crsCode813183,semester240926,grade912229
184408,crsCode13226,semester985526,grade435550
984427,crsCode841970,semester19455,grade191755
280161,crsCode334609,semester721330,grade824887
986791,crsCode68841,semester533889,grade439585
137569,crsCode591018,semester796800,grade300114
121557,crsCode978438,semester667816,grade297868
407062,crsCode107913,semester226172,grade965091
256509,crsCode407058,semester333085,grade821157
742049,crsCode420084,semester939384,grade779252
160115,crsCode728950,semester938026,grade306165
516590,crsCode388478,semester356785,grade728417
139180,crsCode307071,semester594647,grade408825
596227,crsCode323961,semester631587,grade98518
729362,crsCode540869,semester370354,grade612638
788081,crsCode893827,semester305918,grade15059
393979,crsCode802341,semester517730,grade507141
914831,crsCode339806,semester334140,grade726952
457974,crsCode15133,semester851783,grade90240
205935,crsCode824066,semester866469,grade126776
492284,crsCode11307,semester246523,grade698707
560722,crsCode954895,semester495687,grade75194
820577,crsCode178781,semester987606,grade176499
583554,crsCode614729,semester415003,grade491890
365546,crsCode992361,semester744732,grade459210
927725,crsCode726889,semester992811,grade116028
363056,crsCode414066,semester113271,grade310000
625137,crsCode806030,semester276800,grade640834
933084,crsCode418999,semester237360,grade492915
579841,crsCode931766,semester827478,grade412352
181304,crsCode928597,semester37259,grade320336
712713,crsCode752855,semester368544,grade189190
238794,crsCode294416,semester319378,grade377718
884811,crsCode396371,semester8605,grade261301
712615,crsCode475716,semester824930,grade25034
710335,crsCode259699,semester932983,grade684992
829640,crsCode38442,semester339294,grade176029
80104,crsCode47639,semester320979,grade926637
287895,crsCode299537,semester148693,grade281783
653903,crsCode620310,semester984418,grade531601
754189,crsCode849460,semester693191,grade662544
321928,crsCode331276,semester558753,grade409943
41923,crsCode826477,semester413218,grade171152
333047,crsCode479,semester468133,grade617465
254571,crsCode53301,semester869669,grade894038
702084,crsCode499431,semester467625,grade23621
311549,crsCode815579,semester898439,grade816302
266592,crsCode823826,semester994106,grade24152
107003,crsCode165008,semester397482,grade801497
309495,crsCode232838,semester236339,grade343590
287895,crsCode978541,semester715645,grade446024
225601,crsCode463904,semester104688,grade669424
420194,crsCode170340,semester830365,grade787873
870277,crsCode107099,semester955870,grade62859
691936,crsCode277098,semester831480,grade825528
989781,crsCode331276,semester73013,grade613023
849049,crsCode817346,semester834521,grade466198
514494,crsCode148867,semester475278,grade261925
998457,crsCode607838,semester428080,grade337718
48955,crsCode289178,semester983005,grade525672
447379,crsCode811684,semester114940,grade387074
701848,crsCode411724,semester610207,grade646404
762187,crsCode572499,semester297472,grade319578
888853,crsCode954370,semester476091,grade405226
303876,crsCode344629,semester355926,grade573580
961947,crsCode792623,semester177053,grade107801
861608,crsCode348374,semester55997,grade554332
522183,crsCode487632,semester937094,grade200550
406788,crsCode256573,semester120137,grade160126
634045,crsCode812155,semester448524,grade350581
339862,crsCode931312,semester959233,grade102294
874713,crsCode168189,semester188643,grade685244
135288,crsCode656258,semester399587,grade891327
155918,crsCode995493,semester957281,grade395846
356576,crsCode273830,semester269741,grade531136
345136,crsCode892956,semester897119,grade16302
879120,crsCode397883,semester544413,grade323031
139943,crsCode601559,semester234994,grade217695
446290,crsCode495392,semester254049,grade633842
725813,crsCode940098,semester582999,grade225179
75782,crsCode404704,semester56050,grade837873
364301,crsCode853676,semester5370,grade97072
785447,crsCode460860,semester418757,grade371493
196821,crsCode315895,semester41354,grade425731
721866,crsCode587346,semester560425,grade288212
982199,crsCode168189,semester953058,grade338185
109591,crsCode881777,semester809668,grade936370
476240,crsCode897826,semester986755,grade571721
554241,crsCode378250,semester139505,grade179176
15571,crsCode602022,semester555812,grade92379
314515,crsCode540236,semester319382,grade316240
67319,crsCode239088,semester649306,grade388267
25523,crsCode835358,semester606289,grade273526
84904,crsCode972188,semester396639,grade709046
920949,crsCode634929,semester873073,grade611608
237271,crsCode942504,semester472545,grade593930
849793,crsCode192753,semester143032,grade821927
969660,crsCode229505,semester329297,grade551242
971912,crsCode504809,semester759072,grade195908
272464,crsCode16989,semester222900,grade721128
674344,crsCode232865,semester853392,grade715139
551466,crsCode70351,semester496427,grade51881
988423,crsCode511034,semester382966,grade614122
791546,crsCode684833,semester1247,grade811620
861450,crsCode28969,semester924884,grade863282
887484,crsCode832264,semester759629,grade10114
642407,crsCode870201,semester729550,grade895045
803154,crsCode632001,semester786203,grade873087
99725,crsCode470193,semester479903,grade676990
37082,crsCode757663,semester874254,grade5351
950303,crsCode703454,semester142607,grade940267
29103,crsCode982257,semester837778,grade729817
768730,crsCode581655,semester642285,grade828238
407401,crsCode423574,semester401028,grade245191
532349,crsCode410218,semester96805,grade799383
643582,crsCode69070,semester165706,grade91571
896965,crsCode117772,semester354871,grade645867
98600,crsCode355521,semester331380,grade728180
596625,crsCode713449,semester39184,grade654560
13825,crsCode791833,semester172403,grade339374
476141,crsCode786171,semester213932,grade359742
678455,crsCode322381,semester207078,grade393949
902797,crsCode475716,semester645695,grade836862
605962,crsCode687358,semester316624,grade306698
62812,crsCode258590,semester911171,grade806734
484780,crsCode857739,semester635954,grade974675
142957,crsCode797261,semester906057,grade864459
720902,crsCode96409,semester962403,grade558247
555548,crsCode541895,semester535949,grade678214
625761,crsCode481071,semester571722,grade485511
826283,crsCode800170,semester370824,grade756223
454771,crsCode330556,semester253454,grade147014
305062,crsCode515783,semester660682,grade736364
377664,crsCode204576,semester482585,grade417289
990545,crsCode582738,semester188525,grade450802
977277,crsCode728887,semester414967,grade518792
593232,crsCode531448,semester642454,grade813930
636507,crsCode81162,semester350782,grade539914
676892,crsCode520880,semester106888,grade777437
191470,crsCode28493,semester323972,grade221228
12855,crsCode348374,semester55997,grade577224
619406,crsCode569488,semester302987,grade56155
446957,crsCode495256,semester117196,grade779353
587571,crsCode574985,semester623527,grade181268
224976,crsCode469039,semester403482,grade641519
805173,crsCode442219,semester797347,grade207018
934152,crsCode924360,semester865354,grade865245
938324,crsCode84091,semester586624,grade146112
917366,crsCode407058,semester982903,grade498855
522848,crsCode347130,semester842950,grade908363
203395,crsCode290,semester902295,grade749762
463372,crsCode233853,semester371053,grade211601
336235,crsCode639689,semester422818,grade818136
295273,crsCode757663,semester16972,grade843499
108696,crsCode158150,semester922106,grade309121
271394,crsCode28493,semester632115,grade709574
689499,crsCode857500,semester609843,grade319371
210618,crsCode713449,semester341534,grade137053
266386,crsCode957818,semester953548,grade694835
73229,crsCode768446,semester618158,grade832513
689951,crsCode638679,semester225651,grade458345
761173,crsCode350311,semester65635,grade293009
369995,crsCode580953,semester839104,grade606223
216642,crsCode714653,semester136244,grade328961
279291,crsCode867348,semester851082,grade865402
676114,crsCode56095,semester593071,grade107415
795620,crsCode481264,semester63120,grade133551
75907,crsCode425163,semester499262,grade938920
451738,crsCode817346,semester494248,grade581863
609930,crsCode69070,semester360098,grade39007
632846,crsCode325359,semester528764,grade421835
324174,crsCode120817,semester611274,grade709942
422732,crsCode340428,semester764669,grade361335
144493,crsCode40927,semester995416,grade817083
742746,crsCode276772,semester75661,grade21563
272442,crsCode272064,semester307286,grade572236
21851,crsCode59422,semester82991,grade526932
164119,crsCode84101,semester213883,grade380890
10491,crsCode821201,semester798215,grade499959
520787,crsCode784211,semester443177,grade669801
933798,crsCode257259,semester810565,grade269575
729068,crsCode126503,semester24703,grade220750
472913,crsCode923880,semester615691,grade691929
81761,crsCode559015,semester533303,grade724335
767567,crsCode503068,semester243784,grade940343
490149,crsCode366660,semester334160,grade375238
498935,crsCode238661,semester830620,grade167769
86197,crsCode993768,semester619450,grade226718
129141,crsCode610660,semester315806,grade480236
860111,crsCode554860,semester90483,grade543636
482813,crsCode975536,semester241614,grade842383
671406,crsCode494524,semester724864,grade500438
967516,crsCode491417,semester769391,grade314833
364203,crsCode37527,semester407638,grade407911
259899,crsCode891115,semester995471,grade692084
944485,crsCode481071,semester655790,grade918873
205728,crsCode173458,semester792779,grade49965
210419,crsCode540934,semester429836,grade874704
684191,crsCode821824,semester947691,grade729184
374243,crsCode821751,semester78485,grade95301
31278,crsCode574985,semester80245,grade684904
947711,crsCode322020,semester980653,grade211137
993771,crsCode62163,semester81497,grade327820
864836,crsCode98464,semester442869,grade807773
985729,crsCode306772,semester761510,grade773835
559126,crsCode548151,semester884169,grade232392
493753,crsCode211947,semester216518,grade440209
80744,crsCode793709,semester573830,grade677376
293117,crsCode942504,semester129347,grade673791
916377,crsCode682672,semester185834,grade609559
817019,crsCode931451,semester310611,grade87654
353368,crsCode335791,semester202753,grade195055
626629,crsCode735028,semester413833,grade757323
754678,crsCode641358,semester46218,grade557246
358260,crsCode142910,semester482659,grade276517
783554,crsCode70351,semester875742,grade20875
100730,crsCode369571,semester38078,grade346010
76665,crsCode112239,semester890364,grade449646
352862,crsCode746327,semester523917,grade367173
214933,crsCode601737,semester212520,grade56211
180033,crsCode505671,semester383025,grade370418
581554,crsCode62163,semester101453,grade46263
193717,crsCode239088,semester213855,grade278560
113658,crsCode474433,semester3524,grade594857
750076,crsCode827498,semester393488,grade476477
660526,crsCode992864,semester597715,grade970634
12855,crsCode250541,semester883545,grade225837
391866,crsCode454828,semester821900,grade220493
660171,crsCode590413,semester28953,grade234500
10573,crsCode918302,semester544034,grade963191
624126,crsCode454828,semester51293,grade926278
377543,crsCode279272,semester909229,grade302111
823004,crsCode713615,semester331412,grade363565
834193,crsCode294705,semester536814,grade809774
593512,crsCode760785,semester384776,grade359907
609356,crsCode329365,semester934367,grade784096
94565,crsCode423719,semester863603,grade525955
152436,crsCode263146,semester665232,grade757825
266592,crsCode758831,semester821722,grade336668
84588,crsCode346926,semester97361,grade354929
527569,crsCode898544,semester387593,grade287661
205284,crsCode956014,semester766711,grade416416
978121,crsCode195863,semester584754,grade574570
926548,crsCode829817,semester389648,grade138705
491752,crsCode833811,semester500447,grade279861
887041,crsCode520880,semester775136,grade210330
75446,crsCode647488,semester672499,grade216997
54722,crsCode240195,semester919754,grade186210
111735,crsCode16422,semester620748,grade997314
539257,crsCode793832,semester551715,grade551330
664580,crsCode861427,semester736475,grade137350
302008,crsCode969614,semester838028,grade331428
423220,crsCode678170,semester329347,grade108509
176053,crsCode184123,semester612174,grade368199
261731,crsCode611887,semester490689,grade799141
637209,crsCode818942,semester657850,grade399352
301732,crsCode780415,semester976018,grade710062
195361,crsCode875216,semester382682,grade874745
43838,crsCode235490,semester6755,grade245179
654839,crsCode349334,semester348630,grade72797
918405,crsCode237496,semester753715,grade403647
178809,crsCode620788,semester986085,grade442825
217144,crsCode806342,semester788399,grade144032
645399,crsCode614980,semester13753,grade498741
217814,crsCode269654,semester211569,grade271671
662750,crsCode538157,semester1588,grade972457
716851,crsCode429337,semester45442,grade438158
326159,crsCode56095,semester802000,grade978048
734683,crsCode148867,semester326540,grade404512
594402,crsCode431999,semester97995,grade145895
431567,crsCode386554,semester766912,grade165595
985124,crsCode815309,semester587691,grade430110
957616,crsCode57426,semester748494,grade248288
948322,crsCode270709,semester955123,grade921589
90504,crsCode258665,semester4373,grade512514
29860,crsCode31570,semester371136,grade587280
717405,crsCode797261,semester32825,grade749570
614333,crsCode56734,semester564701,grade272803
656827,crsCode147672,semester907183,grade770073
799450,crsCode980598,semester795578,grade65015
659087,crsCode630497,semester502347,grade242414
213921,crsCode672576,semester689902,grade941602
486095,crsCode263146,semester671897,grade445659
611008,crsCode362524,semester250761,grade971730
820577,crsCode630309,semester635972,grade926764
514458,crsCode529253,semester401707,grade471171
464579,crsCode48125,semester555109,grade165791
374110,crsCode499431,semester97188,grade880707
247540,crsCode369775,semester740742,grade527332
51043,crsCode368627,semester544477,grade486837
879494,crsCode110918,semester180711,grade755037
206322,crsCode339241,semester804308,grade635274
53505,crsCode795989,semester581609,grade174751
883911,crsCode975536,semester718539,grade609225
201288,crsCode998687,semester14912,grade124783
964192,crsCode688236,semester934290,grade67783
330862,crsCode821201,semester549644,grade552518
128595,crsCode439098,semester572778,grade71471
414057,crsCode937028,semester180032,grade548941
297538,crsCode183223,semester142679,grade714620
173915,crsCode210805,semester30362,grade897121
990335,crsCode497283,semester973539,grade747513
322259,crsCode872232,semester807832,grade127439
669280,crsCode827008,semester928834,grade578504
56280,crsCode904812,semester639893,grade251160
624484,crsCode216020,semester103636,grade241687
516386,crsCode211947,semester576693,grade749486
587358,crsCode990006,semester233932,grade696747
94948,crsCode47757,semester99157,grade815029
545258,crsCode314576,semester589816,grade423065
63702,crsCode446296,semester785364,grade877250
589251,crsCode958004,semester968872,grade726791
423220,crsCode340884,semester752852,grade22431
105253,crsCode785660,semester339763,grade25520
565538,crsCode301788,semester726973,grade687428
615333,crsCode246943,semester592625,grade533148
162771,crsCode929707,semester866478,grade312671
329642,crsCode686205,semester584362,grade406059
324396,crsCode421802,semester772985,grade665869
840549,crsCode928019,semester329784,grade474187
967237,crsCode879103,semester905136,grade744798
183153,crsCode184689,semester682176,grade595325
861450,crsCode246375,semester175858,grade352788
122633,crsCode475716,semester957477,grade402132
302342,crsCode815579,semester979587,grade488483
432903,crsCode972827,semester372321,grade285300
988423,crsCode665911,semester709148,grade591922
135288,crsCode305239,semester46553,grade816534
257610,crsCode879777,semester557141,grade947737
2396,crsCode860145,semester409586,grade48195
946223,crsCode231191,semester384435,grade886497
11187,crsCode854050,semester393579,grade638996
421343,crsCode950715,semester99723,grade268358
176413,crsCode37527,semester627614,grade526200
870954,crsCode493644,semester32536,grade760951
534695,crsCode440107,semester979750,grade111342
865233,crsCode81162,semester619478,grade785556
788081,crsCode969586,semester636694,grade275078
69772,crsCode175292,semester892714,grade505839
686282,crsCode680435,semester858033,grade26851
397564,crsCode679105,semester734663,grade453515
429476,crsCode801069,semester267317,grade357563
513874,crsCode297386,semester137673,grade175584
441209,crsCode769963,semester369604,grade218453
682765,crsCode124216,semester105034,grade914900
389184,crsCode162344,semester772298,grade817033
340947,crsCode429337,semester271656,grade794818
50839,crsCode495256,semester488879,grade91779
207942,crsCode884543,semester613661,grade150519
418974,crsCode575773,semester126997,grade679936
73359,crsCode878860,semester300288,grade737647
490844,crsCode813768,semester897133,grade999631
634045,crsCode156876,semester86189,grade658012
46018,crsCode284169,semester738857,grade679377
945936,crsCode221285,semester367834,grade239007
783795,crsCode411933,semester451217,grade856761
808498,crsCode330663,semester505257,grade135948
678254,crsCode476889,semester363179,grade704653
772130,crsCode402758,semester706354,grade326058
25085,crsCode46825,semester994965,grade664162
624040,crsCode542250,semester375035,grade906160
26853,crsCode236295,semester509093,grade845539
274448,crsCode792623,semester321905,grade510857
119339,crsCode895351,semester483752,grade83593
502069,crsCode201401,semester934395,grade734032
833585,crsCode498611,semester825090,grade745252
542610,crsCode709342,semester355927,grade568404
5101,crsCode107098,semester931884,grade407952
649901,crsCode140177,semester167454,grade890581
503671,crsCode53034,semester621317,grade617984
860292,crsCode703454,semester722037,grade934084
188947,crsCode345141,semester401344,grade908151
887671,crsCode981095,semester728185,grade563527
971308,crsCode692246,semester705846,grade576073
865519,crsCode683557,semester925240,grade721010
67421,crsCode372067,semester849552,grade480414
496526,crsCode838769,semester715542,grade275342
838580,crsCode355386,semester809860,grade142511
678629,crsCode782612,semester575105,grade345685
776428,crsCode854050,semester74460,grade94471
86121,crsCode630309,semester82051,grade215795
975077,crsCode892874,semester342988,grade74050
129643,crsCode885556,semester328918,grade111878
846366,crsCode892874,semester516674,grade995792
728820,crsCode292274,semester966263,grade52319
863602,crsCode960450,semester719594,grade890419
851328,crsCode529253,semester999041,grade973503
386374,crsCode42963,semester526481,grade518652
609679,crsCode312086,semester431000,grade900250
811678,crsCode630309,semester708145,grade911313
745018,crsCode645621,semester291579,grade273878
29679,crsCode123022,semester734087,grade655914
54502,crsCode260695,semester74134,grade692684
135730,crsCode297386,semester31493,grade709583
554147,crsCode769613,semester925107,grade391302
257062,crsCode404841,semester962891,grade435099
83415,crsCode504253,semester854647,grade504639
90897,crsCode459273,semester688868,grade949243
781340,crsCode305962,semester363880,grade157158
740043,crsCode800679,semester224707,grade282799
551978,crsCode844596,semester664056,grade682266
665295,crsCode345553,semester104577,grade866120
401879,crsCode936725,semester197101,grade325870
540565,crsCode826477,semester541574,grade841768
901025,crsCode207234,semester499568,grade106342
437758,crsCode923349,semester487805,grade330500
164768,crsCode674248,semester431155,grade31800
901056,crsCode695330,semester742050,grade229989
967747,crsCode602768,semester175490,grade829772
910054,crsCode59468,semester105576,grade105890
326879,crsCode135371,semester901849,grade607036
597213,crsCode266018,semester479124,grade176806
417899,crsCode949995,semester161791,grade447572
90580,crsCode487830,semester692668,grade76272
470681,crsCode534434,semester96917,grade404306
553118,crsCode133993,semester953547,grade87374
51554,crsCode201401,semester281006,grade893478
479290,crsCode67126,semester704158,grade288352
183331,crsCode47003,semester654563,grade969715
829798,crsCode396925,semester164348,grade695963
58720,crsCode26028,semester160721,grade698060
356284,crsCode884543,semester589259,grade28675
129141,crsCode251678,semester4265,grade657015
579530,crsCode263146,semester20395,grade715694
294288,crsCode884543,semester231455,grade13485
472344,crsCode863653,semester87119,grade72968
308594,crsCode763024,semester665882,grade547927
494652,crsCode602022,semester905057,grade952457
623309,crsCode778021,semester812950,grade926930
557470,crsCode950715,semester399881,grade782016
534523,crsCode477465,semester291635,grade283116
257032,crsCode108946,semester817724,grade254411
219359,crsCode794744,semester496554,grade978788
768185,crsCode289178,semester253264,grade47132
198106,crsCode946856,semester412416,grade155437
393308,crsCode190910,semester288676,grade284661
407574,crsCode306814,semester659152,grade214890
875526,crsCode772751,semester224995,grade410156
894717,crsCode475641,semester715700,grade197427
447962,crsCode121878,semester333706,grade746663
887571,crsCode122672,semester674134,grade267215
200890,crsCode277981,semester363633,grade423009
694182,crsCode412179,semester913005,grade225656
531493,crsCode173988,semester242547,grade595555
397679,crsCode839648,semester420890,grade377497
127498,crsCode795350,semester693831,grade215435
261873,crsCode236742,semester542536,grade191826
175318,crsCode872,semester11511,grade319368
980691,crsCode300416,semester159434,grade887474
384460,crsCode813183,semester95990,grade790362
686732,crsCode472716,semester596913,grade636284
302277,crsCode204576,semester482585,grade336214
161109,crsCode478154,semester661049,grade139426
167275,crsCode616505,semester78986,grade724640
970317,crsCode678025,semester544705,grade629964
116876,crsCode644389,semester453127,grade594864
729787,crsCode271961,semester395996,grade608530
134241,crsCode258590,semester689237,grade405581
511887,crsCode897672,semester473776,grade160509
955825,crsCode120403,semester34880,grade715668
666597,crsCode68841,semester767402,grade592778
965688,crsCode377927,semester799724,grade321009
485693,crsCode107913,semester64500,grade24998
996482,crsCode638020,semester800551,grade494179
274620,crsCode789302,semester389545,grade442034
779395,crsCode650210,semester394831,grade922236
814799,crsCode548598,semester20456,grade188480
180033,crsCode485036,semester845849,grade49375
308440,crsCode886111,semester854048,grade237203
440291,crsCode347292,semester886048,grade25152
234515,crsCode373106,semester632968,grade503779
76064,crsCode42963,semester593704,grade271847
697155,crsCode360134,semester361884,grade381270
959515,crsCode1498,semester488175,grade272300
948372,crsCode613132,semester408446,grade336968
603209,crsCode830426,semester295178,grade46652
584535,crsCode382063,semester373457,grade918531
4698,crsCode896894,semester817070,grade846610
583554,crsCode780897,semester664496,grade186759
447705,crsCode879777,semester126993,grade556798
683938,crsCode37083,semester426279,grade622083
7968,crsCode137991,semester689882,grade472545
294636,crsCode548151,semester526842,grade34969
531530,crsCode728471,semester606144,grade458734
37250,crsCode505671,semester842314,grade152989
18481,crsCode294304,semester162431,grade996907
682814,crsCode499431,semester28553,grade290838
665416,crsCode529718,semester960273,grade657517
336120,crsCode487632,semester825665,grade360443
843958,crsCode808417,semester676337,grade548895
166843,crsCode715754,semester573034,grade644663
866910,crsCode223500,semester446133,grade345659
436378,crsCode207946,semester478124,grade931686
943585,crsCode275424,semester200798,grade993358
57894,crsCode554863,semester771703,grade344149
303876,crsCode619798,semester463233,grade644344
862597,crsCode84101,semester213883,grade104709
669110,crsCode322000,semester43306,grade869609
395033,crsCode408455,semester582258,grade140071
88714,crsCode587441,semester351407,grade187429
317854,crsCode984667,semester506668,grade459744
312366,crsCode818942,semester131362,grade173440
378715,crsCode487632,semester967264,grade91079
597436,crsCode339241,semester312273,grade375906
369150,crsCode589625,semester673949,grade211682
917175,crsCode168749,semester36408,grade178180
108256,crsCode661566,semester558796,grade575788
107103,crsCode812993,semester693282,grade999537
501717,crsCode823778,semester404360,grade826641
536798,crsCode621543,semester868925,grade648965
48810,crsCode660868,semester722164,grade763952
268516,crsCode229676,semester474156,grade335409
807380,crsCode982979,semester204842,grade192088
179130,crsCode591887,semester291111,grade486004
66095,crsCode305244,semester650811,grade407754
451076,crsCode978057,semester903851,grade488995
264534,crsCode635904,semester474999,grade94845
331424,crsCode256935,semester910679,grade540001
293117,crsCode428899,semester158428,grade371988
291307,crsCode573570,semester902238,grade763879
173479,crsCode8186,semester584768,grade919721
961310,crsCode809007,semester374514,grade632061
80789,crsCode393649,semester568655,grade342470
396362,crsCode400298,semester752205,grade534846
435059,crsCode368689,semester692931,grade836006
269835,crsCode654866,semester748188,grade877528
946293,crsCode942504,semester268774,grade226104
721749,crsCode188051,semester715910,grade701385
294636,crsCode160201,semester523569,grade610012
481931,crsCode590746,semester982274,grade735075
963908,crsCode953486,semester111345,grade201763
513460,crsCode59081,semester569597,grade290952
615430,crsCode440596,semester241481,grade118162
472521,crsCode670636,semester142856,grade7853
730204,crsCode309240,semester497881,grade931935
585764,crsCode257065,semester574301,grade841563
315914,crsCode891316,semester954301,grade538738
881986,crsCode682810,semester223707,grade312681
664596,crsCode395616,semester66511,grade832357
250525,crsCode880064,semester985206,grade613251
139259,crsCode105813,semester919333,grade391428
662784,crsCode957214,semester73754,grade829286
556668,crsCode339806,semester284532,grade651406
479643,crsCode731371,semester794361,grade196000
188947,crsCode161113,semester347609,grade726385
890262,crsCode168189,semester904335,grade842132
839790,crsCode903829,semester180419,grade834769
867760,crsCode168348,semester890553,grade43892
567188,crsCode634168,semester943748,grade373761
173299,crsCode302483,semester548416,grade661381
611029,crsCode593950,semester527558,grade832519
832532,crsCode888651,semester954315,grade637342
353368,crsCode700277,semester390413,grade780892
288117,crsCode590746,semester875670,grade889896
949283,crsCode270577,semester838361,grade533225
885654,crsCode120949,semester220300,grade767006
629781,crsCode761240,semester461793,grade769803
824160,crsCode965823,semester433322,grade70350
522234,crsCode189145,semester109928,grade273104
224894,crsCode373106,semester526837,grade350359
936081,crsCode943430,semester427952,grade156983
559866,crsCode380164,semester459261,grade199144
586019,crsCode542278,semester908002,grade764915
864340,crsCode241100,semester631868,grade925127
658555,crsCode395810,semester544868,grade538856
539655,crsCode22976,semester611632,grade137735
502174,crsCode950715,semester848340,grade587372
5967,crsCode174596,semester742412,grade932816
317468,crsCode613132,semester37040,grade90247
214646,crsCode75446,semester414346,grade444250
504283,crsCode353167,semester975396,grade230387
810305,crsCode757386,semester777577,grade70769
108469,crsCode257900,semester408142,grade28636
912504,crsCode63270,semester473717,grade136178
941397,crsCode345573,semester81798,grade490080
382081,crsCode133866,semester960056,grade535116
608984,crsCode732951,semester635228,grade111311
809191,crsCode339241,semester86194,grade845056
788661,crsCode730286,semester128961,grade343147
495763,crsCode563069,semester781950,grade429601
279141,crsCode639471,semester382791,grade43689
479189,crsCode27521,semester838682,grade66708
202633,crsCode832405,semester510666,grade934446
366663,crsCode474392,semester771001,grade231505
503849,crsCode911516,semester430080,grade456787
261731,crsCode168914,semester885124,grade29919
761686,crsCode485036,semester401876,grade607713
55697,crsCode425163,semester753494,grade717019
743099,crsCode829186,semester79481,grade877717
612628,crsCode425792,semester951850,grade635825
81992,crsCode499431,semester862433,grade812956
568786,crsCode692589,semester202643,grade331937
341344,crsCode81428,semester142625,grade944858
72022,crsCode705659,semester150983,grade944459
299072,crsCode282859,semester66445,grade558233
752914,crsCode386554,semester107729,grade384376
270698,crsCode497214,semester656768,grade122676
336655,crsCode817523,semester269635,grade858076
723493,crsCode658827,semester387771,grade899341
620668,crsCode515115,semester56429,grade406938
630859,crsCode248169,semester763974,grade591637
283233,crsCode815579,semester958174,grade386301
129802,crsCode267828,semester425068,grade67268
202599,crsCode736338,semester767299,grade806523
269312,crsCode901186,semester781044,grade563228
237409,crsCode25239,semester80648,grade298356
205284,crsCode958004,semester783648,grade316395
344811,crsCode57054,semester334248,grade87153
987243,crsCode678170,semester541242,grade771911
42638,crsCode28493,semester461331,grade784423
